<?xml version="1.0" encoding="UTF-8"?>

<channel name="ristretto" version="1.0">
  <property name="window" type="empty">
    <property name="navigationbar" type="empty">
      <property name="position" type="string" value="left"/>
    </property>
    <property name="height" type="uint" value="540"/>
    <property name="width" type="uint" value="980"/>
    <property name="thumbnails" type="empty">
      <property name="show" type="bool" value="false"/>
    </property>
    <property name="toolbar" type="empty">
      <property name="show" type="bool" value="false"/>
    </property>
    <property name="maximize-on-startup" type="bool" value="false"/>
  </property>
  <property name="image" type="empty">
    <property name="wrap" type="bool" value="true"/>
  </property>
</channel>
