<?xml version="1.0" encoding="UTF-8"?>

<channel name="thunar" version="1.0">
  <property name="last-view" type="string" value="ThunarIconView"/>
  <property name="last-location-bar" type="string" value="ThunarLocationEntry"/>
  <property name="last-icon-view-zoom-level" type="string" value="THUNAR_ZOOM_LEVEL_100_PERCENT"/>
  <property name="last-separator-position" type="int" value="205"/>
  <property name="last-show-hidden" type="bool" value="false"/>
  <property name="last-window-width" type="int" value="980"/>
  <property name="last-window-height" type="int" value="540"/>
  <property name="last-window-maximized" type="bool" value="false"/>
  <property name="misc-single-click" type="bool" value="false"/>
  <property name="misc-show-delete-action" type="bool" value="true"/>
  <property name="last-menubar-visible" type="bool" value="false"/>
  <property name="misc-volume-management" type="bool" value="false"/>
</channel>
