<?xml version="1.0" encoding="UTF-8"?>

<channel name="xfce4-desktop" version="1.0">
  <property name="backdrop" type="empty">
    <property name="screen0" type="empty">
      <property name="monitor0" type="empty">
        <property name="workspace0" type="empty">
          <property name="color-style" type="int" value="0"/>
          <property name="image-style" type="int" value="5"/>
          <property name="last-image" type="string" value="/usr/share/backgrounds/blue.jpg"/>
        </property>
        <property name="workspace1" type="empty">
          <property name="color-style" type="int" value="0"/>
          <property name="image-style" type="int" value="5"/>
          <property name="last-image" type="string" value="/usr/share/backgrounds/xfce/xfce-teal.jpg"/>
        </property>
        <property name="workspace2" type="empty">
          <property name="color-style" type="int" value="0"/>
          <property name="image-style" type="int" value="5"/>
          <property name="last-image" type="string" value="/usr/share/backgrounds/xfce/xfce-teal.jpg"/>
        </property>
        <property name="workspace3" type="empty">
          <property name="color-style" type="int" value="0"/>
          <property name="image-style" type="int" value="5"/>
          <property name="last-image" type="string" value="/usr/share/backgrounds/xfce/xfce-teal.jpg"/>
        </property>
      </property>
    </property>
  </property>
  <property name="last" type="empty">
    <property name="window-width" type="int" value="586"/>
    <property name="window-height" type="int" value="580"/>
  </property>
  <property name="desktop-menu" type="empty">
    <property name="show" type="bool" value="false"/>
  </property>
  <property name="windowlist-menu" type="empty">
    <property name="show" type="bool" value="false"/>
  </property>
  <property name="desktop-icons" type="empty">
    <property name="show-tooltips" type="bool" value="false"/>
    <property name="icon-size" type="uint" value="64"/>
    <property name="show-thumbnails" type="bool" value="false"/>
    <property name="file-icons" type="empty">
      <property name="show-removable" type="bool" value="false"/>
      <property name="show-trash" type="bool" value="false"/>
      <property name="show-filesystem" type="bool" value="false"/>
    </property>
  </property>
</channel>
